{
  "overall": 45778179.020688064,
  "genderTotals": {
    "남성": 19132449.879482053,
    "여성": 15868204.64579373
  },
  "byGenderAge": {
    "남성": {
      "30세 미만": 13991805.980692253,
      "30세 이상": 23755331.48398448,
      "40세 이상": 25068369.25172766,
      "50세 이상": 21466962.707418602,
      "60세 이상": 16375857.468610736,
      "70세 이상": 13167014.59241522
    },
    "여성": {
      "30세 미만": 13924029.030015443,
      "30세 이상": 19240860.134258445,
      "40세 이상": 18427395.112679802,
      "50세 이상": 17268337.395579442,
      "60세 이상": 12118338.859014273,
      "70세 이상": 9140304.150687022,
      "결정세액이 없는자": 17253800.19044631
    }
  }
}