{
  "overall": null,
  "regions": {
    "서울": 17214969.961925257,
    "인천": 16359591.869355569,
    "경기": 17548050.726777613,
    "강원": 16641675.968793651,
    "대전": 17566439.24626381,
    "충북": 17319341.219348107,
    "충남": 17097307.39552451,
    "세종": 19816844.731494337,
    "광주": 16615744.452549024,
    "전북": 16736346.183983702,
    "전남": 17807078.877039116,
    "대구": 17205065.728347704,
    "경북": 17332340.6768691,
    "부산": 16810720.07103517,
    "울산": 16934992.272791132,
    "경남": 17658477.38380293,
    "제주": 17388997.8842085,
    "기타[c]": 6768558.951965066
  }
}